{"cameraMode":{"drawMode":0,"name":"Shaded","section":"Shading Mode"},"sceneLighting":true,"audioPlay":false,"sceneViewState":{"showFog":false,"showMaterialUpdate":false,"showSkybox":false,"showFlares":false,"showImageEffects":false,"showParticleSystems":false},"in2DMode":false,"pivot":{"x":-69.00056457519531,"y":-93.07609558105469,"z":1107.21435546875},"rotation":{"x":-0.051249947398900989,"y":0.03803817927837372,"z":-0.001953667961061001,"w":-0.9979613423347473},"size":184.2680206298828,"orthographic":false}