{"cameraMode":{"drawMode":0,"name":"Shaded","section":"Shading Mode"},"sceneLighting":true,"audioPlay":false,"sceneViewState":{"showFog":false,"showMaterialUpdate":false,"showSkybox":false,"showFlares":false,"showImageEffects":false,"showParticleSystems":false},"in2DMode":false,"pivot":{"x":-30.18655776977539,"y":-93.94380950927735,"z":542.4332275390625},"rotation":{"x":-0.09612821042537689,"y":0.025973670184612275,"z":-0.0025092598516494037,"w":-0.9950281977653503},"size":139.62570190429688,"orthographic":false}